state_acronym,scf_name,_TYPE_,_FREQ_,meanpop,scf_id,state_name,pop,scf_lat,scf_long,scf_elev,scf_persons_per_house,scf_income_per_house,N_zip3,FIPS,state_pop2000,state_lat,state_long,NCHS_id,city_id
SD,Aberdeen,3,1,59200.52419,1,South Dakota,60915,45.34073254,-98.7272411,1517.88,2.5768,31224.21277,1,46,754844,44.047502,-99.043799,42,1
TX,Abilene,3,1,247959.9093,2,Texas,309696,32.19054555,-99.76974947,1766.817832,2.650419715,31612.17675,3,48,20851820,30.943149,-97.388631,44,2
OH,Akron,3,1,831108.5706,3,Ohio,812815,41.10234004,-81.56518088,1043.690385,2.685865385,42850.59927,2,39,11353140,40.480854,-82.749366,36,3
CO,Alamosa,3,1,70673.41331,4,Colorado,65877,37.43581276,-106.2529089,7834.393939,2.744242424,30314.32143,1,8,4301261,39.500656,-105.203628,6,4
GA,Albany,3,1,488683.375,5,Georgia,363766,31.46033971,-83.8729811,278.4768908,2.811869748,31011.57778,2,13,8186453,33.332208,-83.868887,11,5
NY,Albany,3,1,895823.1895,6,New York,884968,42.69958994,-73.91361045,485.8545127,2.583339765,41187.48371,4,36,18976457,41.507548,-74.645228,33,6
NM,Albuquerque,3,1,881776.0423,7,New Mexico,984074,35.35426017,-106.4874199,6208.848369,2.794617763,34100.69001,3,35,1819046,34.623012,-106.342108,32,7
LA,Alexandria,3,1,388704.0585,8,Louisiana,391941,31.4272763,-92.41802254,125.518313,2.875484184,26009.72993,2,22,4468976,30.69927,-91.457133,19,8
CA,Alhambra,3,1,2061377.944,9,California,1925492,34.06963926,-117.8626661,622.6212121,2.970530303,45163.54444,2,6,33871648,35.458606,-119.355165,5,9
PA,Altoona,3,1,349700.1391,11,Pennsylvania,387497,40.69320301,-78.18399235,1356.583715,2.72112689,33636.07225,2,42,12281054,40.463528,-77.075925,39,10
TX,Amarillo,3,1,427808.2298,12,Texas,418653,35.26753349,-101.6807773,3471.312563,2.680442943,36885.19372,2,48,20851820,30.943149,-97.388631,44,11
AK,Anchorage,3,1,427021.7762,13,Alaska,435674,60.13664934,-155.5951019,445.1142568,3.330004941,39099.10594,2,2,626932,61.288254,-148.716968,2,12
OK,Ardmore,3,1,87249.89113,15,Oklahoma,86136,34.23436543,-97.17002614,859.9428571,2.603428571,27840.59375,1,40,3450654,35.59794,-96.834653,37,13
NC,Asheville,3,1,639568.4476,16,North Carolina,612446,35.44721223,-82.73535124,2090.918247,2.495982485,33626.8421,3,37,8049313,35.553334,-79.667654,34,14
KY,Ashland,3,1,181454.5786,17,Kentucky,184599,38.23978566,-82.88457171,807.1384698,2.774827586,24096.57692,2,21,4041769,37.808159,-85.241819,18,15
GA,Athens,3,1,351243.7077,18,Georgia,318921,33.88337102,-83.26591783,705.2307692,2.745769231,36194.83721,1,13,8186453,33.332208,-83.868887,11,16
GA,Atlanta,3,1,4923825.456,20,Georgia,4312067,33.78690139,-84.4165723,946.1337825,2.688692671,48395.63034,5,13,8186453,33.332208,-83.868887,11,17
GA,Augusta,3,2,574369.1976,21,Georgia,556615,33.44998047,-82.02839068,340.9990043,2.834293507,33527.13299,3,13,8186453,33.332208,-83.868887,11,18
TX,Austin,3,1,1601536.446,22,Texas,1375787,30.2711125,-97.77226042,619.1837657,2.566934774,45631.35724,4,48,20851820,30.943149,-97.388631,44,19
CA,Bakersfield,3,1,1172995.504,23,California,1045359,35.70488876,-119.1456262,829.9450758,3.059791667,35075.06803,2,6,33871648,35.458606,-119.355165,5,20
MD,Baltimore,3,1,1294151.413,24,Maryland,1292695,39.33083009,-76.57086543,166.7879719,2.758880597,43009.43056,2,24,5296486,39.145653,-76.797396,21,21
AR,Batesville,3,1,103271.3427,26,Arkansas,100745,35.99451893,-91.79425575,623.0169492,2.488305085,27802,1,5,2673400,35.080251,-92.576816,4,22
LA,Baton Rouge,3,1,717311.1069,27,Louisiana,681369,30.47415138,-91.1431325,49.99982232,2.951119403,35802.28122,2,22,4468976,30.69927,-91.457133,19,23
TX,Beaumont,3,1,404747.6069,28,Texas,411437,30.09322077,-94.12482987,30.40873016,2.682083333,35442.44181,2,48,20851820,30.943149,-97.388631,44,24
WV,Beckley,3,1,124767.5565,29,West Virginia,134424,37.78561739,-81.16157573,2150.140426,2.639242021,25169.89304,2,54,1808344,38.767195,-80.820221,49,25
OR,Bend,3,1,194644.6512,31,Oregon,164774,43.86164428,-120.5593293,3894.34375,2.601875,34597.06667,1,41,3421399,44.732273,-122.579524,38,26
AL,Birmingham,3,1,1615406.556,34,Alabama,1610509,33.69576367,-86.69361435,678.7622674,2.643715419,34228.70409,5,1,4447100,33.001471,-86.766233,1,27
IL,Bloomington,3,1,223975.0464,36,Illinois,215373,40.50022815,-88.92675065,744.6,2.7315,48469.23077,1,17,12419293,41.278216,-88.380238,14,28
IN,Bloomington,3,1,250994.9899,37,Indiana,244512,39.04780327,-86.67255669,671.8333333,2.665208333,35226.69444,1,18,6080485,40.163935,-86.261515,15,29
WV,Bluefield,3,2,159917.57258,38,West Virginia,183326,37.33815041,-81.560467,1941.815524,2.686018076,22259.30831,3,54,1808344,38.767195,-80.820221,49,30
ID,Boise,3,1,610871.0081,39,Idaho,561094,43.76364626,-116.3368781,3004.145115,2.702945402,36970.52191,3,16,1293953,44.242605,-115.133222,13,31
MA,Boston,3,1,1247330.875,40,Massachusetts,1270069,42.33405054,-71.06761883,33.72507331,2.564486804,52209.60577,2,25,6349097,42.271831,-71.363628,22,32
KY,Bowling Green,3,1,349620.4335,41,Kentucky,332653,36.91374539,-86.4674461,639.8402948,2.707113022,30964.63865,2,21,4041769,37.808159,-85.241819,18,33
VA,Bristol,3,1,193952.5847,44,Virginia,189521,36.83487472,-82.45756702,1879.938776,2.6426,25430,1,51,7078515,37.750345,-77.835857,47,34
MA,Brockton,3,1,786195.7298,45,Massachusetts,809293,42.07691961,-70.97032231,118.9051282,2.838017094,67536.74,2,25,6349097,42.271831,-71.363628,22,35
NY,Bronx,3,1,1373130.998,46,New York,1327690,40.84802612,-73.87549804,49.19230769,2.84,29851.44,1,36,18976457,41.507548,-74.645228,33,36
NY,Brooklyn,3,1,2501256.391,47,New York,2465326,40.6605111,-73.96466917,46.20833333,2.78,33020.91892,1,36,18976457,41.507548,-74.645228,33,37
TX,Bryan,3,1,262087.002,48,Texas,248736,30.66577613,-96.33998045,350.6808511,2.787659575,33572.30303,1,48,20851820,30.943149,-97.388631,44,38
NY,Buffalo,3,1,1228971.754,49,New York,1311726,42.86890619,-78.75555385,762.8816476,2.644579737,36962.60744,4,36,18976457,41.507548,-74.645228,33,39
VT,Burlington,3,1,299951.498,50,Vermont,303456,44.53584161,-72.92567328,738.5383721,2.698108527,43722.59957,2,50,608827,44.081127,-72.814309,46,40
AR,Camden,3,1,114112.5222,52,Arkansas,115873,33.50394488,-92.80860435,232.5882353,2.648823529,27758.44,1,5,2673400,35.080251,-92.576816,4,41
OH,Canton,3,1,643856.6149,54,Ohio,640062,40.71556057,-81.44385226,1084.110256,2.724358974,36739.97637,2,39,11353140,40.480854,-82.749366,36,42
MA,Cape Cod,3,1,270357.3306,55,Massachusetts,267179,41.65946311,-70.34127392,44.50691057,2.416333333,47630.00558,2,25,6349097,42.271831,-71.363628,22,43
IL,Carol Stream,3,1,1439489.163,58,Illinois,1377671,41.97033889,-88.19679274,699.2277778,2.779555556,64206.42969,2,17,12419293,41.278216,-88.380238,14,44
IA,Carroll,3,1,48192.3246,60,Iowa,49582,42.09457528,-95.06614288,1294.78125,2.6053125,34723.43333,1,19,2926324,41.960392,-93.049161,16,45
WY,Casper,3,1,84071.65524,61,Wyoming,80463,43.0081301,-106.5624398,5297.809524,2.620476191,38453,1,56,493782,42.675762,-107.008835,51,46
IA,Cedar Rapids,3,1,568372.004,62,Iowa,553762,42.06500856,-91.52375492,833.8834896,2.652602569,42595.62823,4,19,2926324,41.960392,-93.049161,16,47
IL,Centralia,3,1,216306.748,63,Illinois,219417,38.31300108,-88.66886904,467.4021739,2.513369565,32239.04706,1,17,12419293,41.278216,-88.380238,14,48
IL,Champaign,3,1,318125.1048,64,Illinois,381281,39.98278884,-88.14530647,684.3951613,2.644870968,40608.56035,2,17,12419293,41.278216,-88.380238,14,49
SC,Charleston,3,1,662611.8548,65,South Carolina,615136,32.9651581,-80.11232868,41.875,2.857638889,37217.28302,1,45,4012012,34.034551,-81.032387,41,50
WV,Charleston,3,1,283625.4839,66,West Virginia,325099,38.33607984,-81.56469293,917.3357508,2.583423077,28774.67227,4,54,1808344,38.767195,-80.820221,49,51
NC,Charlotte,3,2,2117442.5057,67,North Carolina,1896712,35.22897928,-80.88807814,704.2102929,2.666397723,42565.26972,4,37,8049313,35.553334,-79.667654,34,52
VA,Charlottesvil,3,1,523778.1552,68,Virginia,499004,38.19117508,-78.85554751,1294.84125,2.69213485,39550.7999,3,51,7078515,37.750345,-77.835857,47,53
TN,Chattanooga,3,2,1066744.8448,69,Tennessee,1014925,35.07003973,-85.25046868,935.2198595,2.650223499,32996.5,3,47,5689283,35.795862,-86.397772,43,54
WY,Cheyenne,3,1,116476.8165,70,Wyoming,111877,41.27676568,-105.1169943,6642.642857,2.572142857,31225.25,1,56,493782,42.675762,-107.008835,51,55
IL,Chicago,3,1,3094713.042,71,Illinois,3150324,41.86651221,-87.67273498,596,2.72,45949.49383,3,17,12419293,41.278216,-88.380238,14,56
MO,Chillicothe,3,1,73860.95766,73,Missouri,74860,39.86193058,-93.57047395,838.6181818,2.511454546,29389.24528,1,29,5595211,38.437715,-92.15377,26,57
OH,Chillicothe,3,1,344224.8206,74,Ohio,342988,38.93449233,-82.82039345,736.7826087,2.734782609,29867.96552,1,39,11353140,40.480854,-82.749366,36,58
OH,Cincinnati,3,3,2268504.1012,75,Ohio,2184370,39.12889114,-84.42336452,730.7699739,2.703994715,43185.53649,6,39,11353140,40.480854,-82.749366,36,59
WV,Clarksburg,3,1,383199.246,76,West Virginia,381102,39.2672478,-80.23432063,1446.15762,2.624565437,26907.07895,4,54,1808344,38.767195,-80.820221,49,60
OH,Cleveland,3,1,2118302.813,77,Ohio,2152888,41.49421259,-81.5675057,809.8478488,2.640384615,45686.57925,2,39,11353140,40.480854,-82.749366,36,61
OK,Clinton,3,1,55438.49597,78,Oklahoma,56516,35.50672318,-99.28803065,1847.029412,2.573823529,30496.84849,1,40,3450654,35.59794,-96.834653,37,62
CO,Colorado Spri,3,1,805888.9315,81,Colorado,757857,38.60432866,-104.3872641,5772.055162,2.654321345,38938.96951,3,8,4301261,39.500656,-105.203628,6,63
MO,Columbia,3,1,506837.7218,82,Missouri,542077,38.84041455,-92.49081952,759.3939802,2.665093667,36539.25425,4,29,5595211,38.437715,-92.15377,26,64
SC,Columbia,3,1,1044105.855,83,South Carolina,997159,33.95770482,-80.89367186,288.5876804,2.845397706,35691.70612,3,45,4012012,34.034551,-81.032387,41,65
TN,Columbia,3,1,174352.754,84,Tennessee,169104,35.30044051,-87.30535143,776.2,2.654571429,33126.60606,1,47,5689283,35.795862,-86.397772,43,66
GA,Columbus,3,1,259951.371,85,Georgia,263783,32.49639884,-84.88118222,496.6990741,2.816296296,34190.25397,2,13,8186453,33.332208,-83.868887,11,67
IN,Columbus,3,1,202205.4355,86,Indiana,197632,39.06749018,-85.74957345,729.2631579,2.733157895,39454.67742,1,18,6080485,40.163935,-86.261515,15,68
MS,Columbus,3,1,169670.75,87,Mississippi,171164,33.53642809,-88.83770817,313.0285714,2.801714286,27973.89286,1,28,2844658,32.56642,-89.593164,25,69
OH,Columbus,3,1,1997877.292,88,Ohio,1904952,40.04446492,-82.9817578,925.1347727,2.713000325,42527.37885,4,39,11353140,40.480854,-82.749366,36,70
TX,Conroe,3,1,878210.752,89,Texas,729178,30.34242382,-95.3409184,191.8630137,2.877808219,45820.5,1,48,20851820,30.943149,-97.388631,44,71
TN,Cookeville,3,1,217461.6411,90,Tennessee,204543,36.19203196,-85.41539686,1181.061225,2.61244898,29933,1,47,5689283,35.795862,-86.397772,43,72
TX,Corpus Christ,3,1,504801.9657,91,Texas,513952,27.74582009,-97.61137078,105.5281385,2.993367347,30778.08613,2,48,20851820,30.943149,-97.388631,44,73
VA,Culpeper,3,1,72637.85081,93,Virginia,62867,38.47640971,-78.06201921,559.4736842,2.869473684,46629.91177,1,51,7078515,37.750345,-77.835857,47,74
MD,Cumberland,3,2,154300.09068,94,Maryland,154940,39.5124177,-78.9736741,1590.823913,2.629652174,30550.0713,2,24,5296486,39.145653,-76.797396,21,75
OH,Dayton,3,1,1067395.23,96,Ohio,1076762,39.86989926,-84.18758166,935.7458333,2.663513889,41841.60367,3,39,11353140,40.480854,-82.749366,36,76
FL,Daytona Beach,3,1,521074.5706,97,Florida,453344,29.30667717,-81.43203796,45.92753623,2.485942029,32324.90476,1,12,15982378,27.79585,-81.634622,10,77
TX,Denton,3,1,341496.4919,99,Texas,272773,33.40233424,-97.27354957,783.3478261,2.651956522,45202.88889,1,48,20851820,30.943149,-97.388631,44,78
CO,Denver,3,1,3289721.647,100,Colorado,3027090,39.86502458,-104.9786775,5663.797885,2.561378923,49505.40562,8,8,4301261,39.500656,-105.203628,6,79
IA,Des Moines,3,1,934291.3427,101,Iowa,918423,41.55866865,-93.47949185,949.8377764,2.56573118,39973.53347,5,19,2926324,41.960392,-93.049161,16,80
MI,Detroit,3,1,2660895.145,102,Michigan,2685757,42.28483544,-83.31707052,661.313543,2.730723149,44488.04167,2,26,9938444,42.866412,-84.170753,23,81
AL,Dothan,3,1,222596.2379,107,Alabama,216612,31.2964438,-85.55239897,299.4871795,2.668717949,30955.27273,1,1,4447100,33.001471,-86.766233,1,82
PA,Du Bois,3,1,93298.97379,108,Pennsylvania,95122,41.25720287,-78.70112406,1510.16129,2.616129032,33489.72414,1,42,12281054,40.463528,-77.075925,39,83
VA,Dulles,3,1,711361.3427,109,Virginia,573342,38.93167193,-77.59244454,403.875,2.879375,74860.18367,1,51,7078515,37.750345,-77.835857,47,84
MN,Duluth,3,1,269304.1915,110,Minnesota,296802,47.05383139,-92.42797418,1214.897581,2.494733468,37013.41358,3,27,4919479,45.210782,-93.583003,24,85
OK,Durant,3,1,84381.5625,112,Oklahoma,84393,34.02220633,-95.58710331,585.0555556,2.633333333,24157.79412,1,40,3450654,35.59794,-96.834653,37,86
MD,Easton,3,1,328846.0948,113,Maryland,309952,38.56548304,-75.81745838,26.95048762,2.634069767,40391.3231,2,24,5296486,39.145653,-76.797396,21,87
IL,Effingham,3,1,149464.0625,115,Illinois,151316,39.05228192,-88.21381918,557.3278689,2.607540984,35062.77966,1,17,12419293,41.278216,-88.380238,14,88
TX,El Paso,3,1,729183.0202,116,Texas,702772,31.68814282,-106.262376,3861.223425,3.181969697,29108.79048,3,48,20851820,30.943149,-97.388631,44,89
KY,Elizabethtown,3,1,170861.3669,117,Kentucky,163068,37.33673582,-85.75199633,735.6666667,2.683333333,28768.84849,1,21,4041769,37.808159,-85.241819,18,90
NY,Elmira,3,1,299839.0706,119,New York,332528,42.28110359,-77.06384275,1127.805556,2.732407407,34953.76268,2,36,18976457,41.507548,-74.645228,33,91
OK,Enid,3,1,104068.9556,121,Oklahoma,105517,36.383299,-98.11305329,1254.431373,2.548823529,32125.46809,1,40,3450654,35.59794,-96.834653,37,92
PA,Erie,3,1,312336.5141,122,Pennsylvania,317966,42.02581803,-80.05040381,966.1934066,2.697142857,35146.38636,2,42,12281054,40.463528,-77.075925,39,93
MA,Essex County,3,1,1176522.31,123,Massachusetts,1158163,42.61396467,-71.07381452,110.3943636,2.674255319,63302.18481,3,25,6349097,42.271831,-71.363628,22,94
OR,Eugene,3,1,535894.2077,124,Oregon,516944,43.55675951,-123.451579,654.1647059,2.541294118,34875.84,1,41,3421399,44.732273,-122.579524,38,95
CA,Eureka,3,1,160945.3569,125,California,156632,40.73824343,-123.9344066,871.0784314,2.601764706,30822.6087,1,6,33871648,35.458606,-119.355165,5,96
IN,Evansville,3,1,292506.1391,126,Indiana,430977,37.87846931,-87.5584022,423.0078914,2.614539651,37431.85015,3,18,6080485,40.163935,-86.261515,15,97
WA,Everett,3,1,818823.4657,127,Washington,749097,48.36021648,-122.3037375,335.2727273,2.617532468,45332.23333,1,53,5894121,47.341728,-121.624501,48,98
AK,Fairbanks,3,1,122111.9375,128,Alaska,117590,65.73293771,-153.1603327,915.4683544,3.068292683,37729.17808,1,2,626932,61.288254,-148.716968,2,99
VA,Farmville,3,1,103171.8387,131,Virginia,102341,37.01977137,-78.40867929,474.8947368,2.79131579,30057.48571,1,51,7078515,37.750345,-77.835857,47,100
NC,Fayetteville,3,1,1197127.288,133,North Carolina,1128288,34.75004556,-78.73087276,133.2846962,2.711430983,34048.98995,2,37,8049313,35.553334,-79.667654,34,101
MI,Flint,3,1,672091.6431,134,Michigan,663114,43.16913261,-83.42412828,776.6083333,2.708416667,39769.99561,2,26,9938444,42.866412,-84.170753,23,102
SC,Florence,3,1,583776.7097,135,South Carolina,547273,34.06564955,-79.40891443,87.8358209,2.796119403,30076.60714,1,45,4012012,34.034551,-81.032387,41,103
IA,Fort Dodge,3,1,127736.0887,136,Iowa,132591,42.74519461,-94.43880957,1198.4,2.516266667,34288.17568,1,19,2926324,41.960392,-93.049161,16,104
FL,Fort Myers,3,1,999360.4415,137,Florida,837567,26.51351993,-81.82158866,10.26060606,2.387893939,47038.86364,2,12,15982378,27.79585,-81.634622,10,105
KS,Fort Scott,3,1,119107.5141,138,Kansas,121594,37.596206,-95.09431408,941.4339623,2.498301887,31016.03922,1,20,2688418,38.454303,-96.536052,17,106
IN,Fort Wayne,3,1,621420.0141,140,Indiana,602862,41.12760838,-85.17460637,823.960888,2.731439394,46192.34821,2,18,6080485,40.163935,-86.261515,15,107
TX,Fort Worth,3,1,2039724.891,141,Texas,1839959,32.69587751,-97.41516945,871.3213598,2.661496147,41775.59673,3,48,20851820,30.943149,-97.388631,44,108
IL,Fox Valley,3,1,937654.0806,142,Illinois,836528,41.73222319,-88.29428419,684.265625,2.8459375,65001.38,1,17,12419293,41.278216,-88.380238,14,109
MD,Frederick,3,1,448011.2802,143,Maryland,406292,39.49397027,-77.48625703,550.7462687,2.793134328,58714.90196,1,24,5296486,39.145653,-76.797396,21,110
CA,Fresno,3,1,1076743.798,144,California,977719,36.80250834,-119.752805,634.0466201,3.016004662,32607.09318,3,6,33871648,35.458606,-119.355165,5,111
FL,Gainesville,3,1,724197.125,145,Florida,653183,29.2863738,-82.37736273,84.48408385,2.509052795,31277.25724,2,12,15982378,27.79585,-81.634622,10,112
GA,Gainesville,3,1,557213.2621,146,Georgia,468011,34.51662611,-83.73318519,1356.771429,2.670428571,37466.25,1,13,8186453,33.332208,-83.868887,11,113
IL,Galesburg,3,1,149375.5302,147,Illinois,154025,40.83777436,-90.40976977,713.9178082,2.614931507,36883.16901,1,17,12419293,41.278216,-88.380238,14,114
IN,Gary,3,1,783576.8468,149,Indiana,766852,41.47870651,-87.19527161,653.161235,2.80009434,40111.85606,2,18,6080485,40.163935,-86.261515,15,115
MI,Gaylord,3,1,234258.8327,151,Michigan,229501,45.56874818,-84.54691412,791.3684211,2.695921053,34911.60606,1,26,9938444,42.866412,-84.170753,23,116
CO,Glenwood Spri,3,1,140354.8024,154,Colorado,124791,39.69648705,-107.3727437,6885.552632,2.570789474,47720.90625,1,8,4301261,39.500656,-105.203628,6,117
NE,Grand Island,3,1,233597.5484,156,Nebraska,233078,40.87722719,-98.87706973,2064.98126,2.543257576,33137.33564,2,31,1711263,41.183753,-97.403875,28,118
MI,Grand Rapids,3,1,1270409.829,158,Michigan,1219208,43.12645942,-85.82765922,743.5450655,2.796780045,43914.52015,3,26,9938444,42.866412,-84.170753,23,119
WI,Green Bay,3,1,547091.6069,160,Wisconsin,530215,44.66942579,-88.00604281,743.2626984,2.685698413,43824.35758,3,55,5363675,43.728544,-89.001006,50,120
NC,Greensboro,3,1,1677138.825,161,North Carolina,1599417,36.01760534,-79.89059406,789.6026614,2.541489153,40340.49572,5,37,8049313,35.553334,-79.667654,34,121
PA,Greensburg,3,1,307799.8165,162,Pennsylvania,310465,40.3125294,-79.53590319,1159.025974,2.584285714,34153.67647,1,42,12281054,40.463528,-77.075925,39,122
SC,Greenville,3,1,1270538.026,164,South Carolina,1207940,34.73610414,-82.36551217,806.75,2.66663122,35695.98067,2,45,4012012,34.034551,-81.032387,41,123
TX,Greenville,3,1,315285.6593,165,Texas,296738,33.36088411,-95.80889142,552.3095238,2.616547619,35408.94667,1,48,20851820,30.943149,-97.388631,44,124
MS,Gulfport,3,1,373845.1129,167,Mississippi,375898,30.43853205,-88.994594,35.09756098,2.790243902,36167.79167,1,28,2844658,32.56642,-89.593164,25,125
NJ,Hackensack,3,1,1153327.02,168,New Jersey,1126863,40.97219294,-74.15720902,217.8057685,2.798373984,64032.34203,3,34,8414350,40.438458,-74.428055,31,126
LA,Hammond,3,1,392141.3589,169,Louisiana,355597,30.5639683,-90.20425134,74.93617021,2.868510638,33736.27027,1,22,4468976,30.69927,-91.457133,19,127
PA,Harrisburg,3,1,1114293.887,170,Pennsylvania,1133134,40.4167122,-77.08045745,645.9918708,2.652504371,37051.22973,4,42,12281054,40.463528,-77.075925,39,128
MO,Harrisonville,3,1,115846.127,172,Missouri,113652,38.09025523,-94.21719889,864.7659575,2.562765957,31962.13333,1,29,5595211,38.437715,-92.15377,26,129
CT,Hartford,3,1,1096005.079,173,Connecticut,1078561,41.82804291,-72.66781507,326.4407884,2.686488019,54173.68651,3,9,3405565,41.494852,-72.874365,7,130
MS,Hattiesburg,3,1,357299.0504,174,Mississippi,334622,31.33483107,-89.30829887,237.6444444,2.820666667,27936.83333,1,28,2844658,32.56642,-89.593164,25,131
NC,Hickory,3,1,612382.6855,179,North Carolina,585579,36.07416858,-81.36972148,1965.111111,2.598888889,35339.41667,1,37,8049313,35.553334,-79.667654,34,132
HI,Honolulu,3,1,1135388.427,180,Hawaii,1211489,20.97096827,-157.3093599,528.8052738,2.058084291,46749.87394,3,15,1211537,21.146768,-157.524452,12,133
WV,Huntington,3,1,240694.2097,182,West Virginia,268311,38.21739293,-82.22914739,821.1567953,2.65991176,25179.28198,3,54,1808344,38.767195,-80.820221,49,134
AL,Huntsville,3,1,613725.8609,183,Alabama,701143,34.70727401,-86.89529129,709.0253968,2.636703463,38887.16191,3,1,4447100,33.001471,-86.766233,1,135
IN,Indianapolis,3,1,1831878.802,186,Indiana,1723529,39.83972185,-86.12807078,821.8687941,2.681688604,48399.92311,3,18,6080485,40.163935,-86.261515,15,136
MI,Iron Mountain,3,1,256030.3649,187,Michigan,268984,46.27663397,-87.70928036,1043.103723,2.557554756,30760.33257,2,26,9938444,42.866412,-84.170753,23,137
MI,Jackson,3,1,356152.1048,188,Michigan,348168,42.0477835,-84.34919277,946.5967742,2.806774194,45895.05263,1,26,9938444,42.866412,-84.170753,23,138
MS,Jackson,3,1,813116.9617,189,Mississippi,1000067,32.36371884,-89.86473887,291.4543604,2.836768488,27487.49776,5,28,2844658,32.56642,-89.593164,25,139
TN,Jackson,3,1,281547.6815,190,Tennessee,275628,35.60870942,-88.56491561,449.9305556,2.584583333,32104.30509,1,47,5689283,35.795862,-86.397772,43,140
FL,Jacksonville,3,1,1397671.929,191,Florida,1254535,30.24399424,-81.81083535,52.31832695,2.747100894,39732.52683,2,12,15982378,27.79585,-81.634622,10,141
TN,Johnson City,3,1,398581.8528,194,Tennessee,386248,36.38404819,-82.34766033,1749.404762,2.547619048,35132.39394,1,47,5689283,35.795862,-86.397772,43,142
PA,Johnstown,3,1,303188.2278,195,Pennsylvania,360984,40.37819332,-78.91624475,1642.518252,2.682410779,30405.2495,3,42,12281054,40.463528,-77.075925,39,143
MI,Kalamazoo,3,1,858155.8528,198,Michigan,847198,42.17842126,-85.69293324,758.6274962,2.670414747,42707.20093,2,26,9938444,42.866412,-84.170753,23,144
IL,Kankakee,3,1,164737.1512,200,Illinois,162229,40.81921735,-87.93001567,661.245614,2.668421053,40446.33962,1,17,12419293,41.278216,-88.380238,14,145
KS,Kansas City,3,1,941183.6734,201,Kansas,886302,38.9639451,-94.88540333,930.2783224,2.654027778,50536.9072,3,20,2688418,38.454303,-96.536052,17,146
MO,Kansas City,3,1,1106345.996,202,Missouri,1061077,39.09712326,-94.3916222,906.3458606,2.555680828,44483.43382,3,29,5595211,38.437715,-92.15377,26,147
AK,Ketchikan,3,1,21347.83669,203,Alaska,22216,55.61238508,-132.1457283,783.5833333,0.855384615,39304.58333,1,2,626932,61.288254,-148.716968,2,148
NC,Kinston,3,1,445463.9496,204,North Carolina,433616,35.0050053,-77.11203639,31.95774648,2.787042254,34508.25862,1,37,8049313,35.553334,-79.667654,34,149
TN,Knoxville,3,1,1185705.063,206,Tennessee,1122545,36.07097285,-83.85866599,1155.191274,2.601719703,31775.67286,3,47,5689283,35.795862,-86.397772,43,150
IN,Kokomo,3,1,316441.5726,207,Indiana,320261,40.72731665,-86.10346399,786.7183099,2.665915493,40523.05556,1,18,6080485,40.163935,-86.261515,15,151
IL,La Salle,3,1,151498.1935,209,Illinois,151255,41.34516607,-89.21242066,679.9354839,2.62516129,41562.01639,1,17,12419293,41.278216,-88.380238,14,152
IN,Lafayette,3,1,287984.4093,210,Indiana,281527,40.39091999,-87.05294392,701.5194805,2.703246753,39382.1875,1,18,6080485,40.163935,-86.261515,15,153
LA,Lafayette,3,1,605442.9859,211,Louisiana,588240,30.22482103,-92.12119127,30.74025974,2.867402597,28139.35593,1,22,4468976,30.69927,-91.457133,19,154
LA,Lake Charles,3,1,252054.1149,212,Louisiana,251930,30.37362307,-93.16298514,52.13636364,2.891818182,31412.83784,1,22,4468976,30.69927,-91.457133,19,155
FL,Lakeland,3,1,651841.2278,213,Florida,593580,27.89535188,-81.70613238,125.3188406,2.586811594,33760.10526,1,12,15982378,27.79585,-81.634622,10,156
PA,Lancaster,3,1,916207.6048,214,Pennsylvania,894627,39.98959625,-76.54096256,471.0334596,2.726637931,44384.13045,4,42,12281054,40.463528,-77.075925,39,157
MI,Lansing,3,1,773180.7056,215,Michigan,748681,42.96265756,-84.65434825,839.2361111,2.817208333,39289.34344,2,26,9938444,42.866412,-84.170753,23,158
NM,Las Cruces,3,1,250925.7339,216,New Mexico,235400,32.41969502,-107.5248371,4785.283019,2.878490566,29348.275,1,35,1819046,34.623012,-106.342108,32,159
NV,Las Vegas,3,1,1737291.308,217,Nevada,1409803,36.25093269,-115.2160044,2564.365117,2.568015148,46877.41767,2,32,1998257,37.165965,-116.304648,29,160
OK,Lawton,3,1,202674.2823,219,Oklahoma,207469,34.52450744,-98.71788476,1234.345455,2.703090909,29525,1,40,3450654,35.59794,-96.834653,37,161
PA,Lehigh Valley,3,1,771684.7077,220,Pennsylvania,774927,40.7131487,-75.41871068,622.7549361,2.67410453,45543.48679,3,42,12281054,40.463528,-77.075925,39,162
WV,Lewisburg,3,1,52779.71976,221,West Virginia,51679,37.85257992,-80.42712308,2242.694444,2.538888889,28046.20588,1,54,1808344,38.767195,-80.820221,49,163
KY,Lexington,3,1,775436.5786,223,Kentucky,772124,37.94852004,-84.38638151,901.3069876,2.62806164,36012.06033,4,21,4041769,37.808159,-85.241819,18,164
OH,Lima,3,1,369444.1129,225,Ohio,369230,40.82305837,-84.18686864,832.7058824,2.820470588,42098.31579,1,39,11353140,40.480854,-82.749366,36,165
NE,Lincoln,3,1,400560.748,226,Nebraska,388012,40.69194761,-96.70255963,1289.689286,2.5645,41555.91325,3,31,1711263,41.183753,-97.403875,28,166
MD,Linthicum,3,1,1211526.117,227,Maryland,1132596,39.34954638,-76.5885377,240.094236,2.795851927,68227.58821,3,24,5296486,39.145653,-76.797396,21,167
AR,Little Rock,3,1,925064.381,228,Arkansas,1156432,34.62351252,-92.25169354,382.683642,2.651440955,32376.57742,5,5,2673400,35.080251,-92.576816,4,168
KY,London,3,1,196414.9194,229,Kentucky,213466,36.95352111,-83.80271223,1364.412663,2.786539039,19828.26587,3,21,4041769,37.808159,-85.241819,18,169
CA,Long Beach,3,1,2037598.252,230,California,1962884,33.84861354,-118.1355753,91.93915611,2.954077621,48427.95722,4,6,33871648,35.458606,-119.355165,5,170
TX,Longview,3,1,321959.5242,231,Texas,309522,32.45481439,-94.63126532,358.1403509,2.669649123,33218.02703,1,48,20851820,30.943149,-97.388631,44,171
CA,Los Angeles,3,1,4002084.817,232,California,3827721,34.00839739,-118.3229481,183.5320128,2.96,47184.35919,5,6,33871648,35.458606,-119.355165,5,172
KY,Louisville,3,2,1337660.4936,233,Kentucky,1290508,38.19709809,-85.74666824,629.1222493,2.691559855,39438.01711,4,21,4041769,37.808159,-85.241819,18,173
TX,Lubbock,3,1,315864.6996,234,Texas,359943,33.54215119,-102.0017967,3295.81713,2.8196875,30034.24255,2,48,20851820,30.943149,-97.388631,44,174
TX,Lufkin,3,1,250139.4093,235,Texas,245958,31.29839022,-94.39693494,278.54,2.6684,29407.42857,1,48,20851820,30.943149,-97.388631,44,175
VA,Lynchburg,3,1,365327.9476,236,Virginia,360240,37.14971633,-79.13526945,692.296875,2.686875,34101.56364,1,51,7078515,37.750345,-77.835857,47,176
WI,Madison,3,1,734289.5625,238,Wisconsin,794137,42.97546428,-89.61802739,926.9567448,2.697819575,41675.42795,4,55,5363675,43.728544,-89.001006,50,177
FL,Manasota,3,1,713416.627,239,Florida,639581,27.31194722,-82.42853507,19.19117647,2.304558824,46465.41463,1,12,15982378,27.79585,-81.634622,10,178
NH,Manchester,3,1,817275.7944,240,New Hampshire,810234,43.0646381,-71.59080757,557.7935398,2.699696298,52290.96398,5,33,1235786,43.153046,-71.463342,30,179
OH,Mansfield,3,1,428149.6673,242,Ohio,441086,40.96571125,-82.71701585,1110.531746,2.682698413,38841.64912,2,39,11353140,40.480854,-82.749366,36,180
WV,Martinsburg,3,1,157742.8972,243,West Virginia,135418,39.39820345,-78.04318183,609.5862069,2.708965517,40784.42857,1,54,1808344,38.767195,-80.820221,49,181
CA,Marysville,3,1,495351.6492,244,California,463089,39.50369846,-121.5141639,1455.090909,2.656103896,34788.4697,1,6,33871648,35.458606,-119.355165,5,182
OK,McAlester,3,1,89981.51411,246,Oklahoma,85240,34.67450809,-95.70116774,752.1395349,2.604651163,24916.025,1,40,3450654,35.59794,-96.834653,37,183
TX,McAllen,3,1,1127130.351,247,Texas,978258,26.27238547,-98.03368393,106.0588235,3.659558824,24282.23404,1,48,20851820,30.943149,-97.388631,44,184
OR,Medford,3,1,273234.5181,251,Oregon,255377,42.37840965,-123.1018235,1546.884615,2.528846154,32138.41667,1,41,3421399,44.732273,-122.579524,38,185
TN,Memphis,3,2,1498748.8325,252,Tennessee,1637678,35.08743286,-89.8916357,293.0062338,2.821045072,34631.53577,4,47,5689283,35.795862,-86.397772,43,186
FL,Mid Florida,3,1,889560.4556,254,Florida,805762,28.76397875,-81.32083068,65.4,2.545466667,41348.46512,1,12,15982378,27.79585,-81.634622,10,187
NY,Mid Hudson,3,1,733472.9234,255,New York,753940,41.81601534,-74.04749847,728.2289759,2.821228514,44388.03644,4,36,18976457,41.507548,-74.645228,33,188
NY,Mid Island,3,1,1866500.776,256,New York,1819456,40.81470991,-73.17036467,94.1014881,3.073214286,70959.18233,4,36,18976457,41.507548,-74.645228,33,189
TX,Midland,3,1,465044.0302,257,Texas,469803,31.64811104,-101.9763992,2440.783333,2.840064815,33355.25,2,48,20851820,30.943149,-97.388631,44,190
WI,Milwaukee,3,1,2171579.7,259,Wisconsin,2163642,43.04802687,-88.09430687,754.4120514,2.717869987,47244.23276,5,55,5363675,43.728544,-89.001006,50,191
MN,Minneapolis,3,1,1893819.256,260,Minnesota,1797642,44.98102108,-93.553552,948.6524448,2.67985564,54238.72,3,27,4919479,45.210782,-93.583003,24,192
AL,Mobile,3,1,610818.9456,264,Alabama,588803,30.78602907,-88.02068197,90.79326341,2.757313433,32331.83193,2,1,4447100,33.001471,-86.766233,1,193
CA,Mojave,3,1,478784.748,266,California,429672,35.5125968,-118.1005871,3294.462963,2.838703704,41202.5,1,6,33871648,35.458606,-119.355165,5,194
NJ,Monmouth Coun,3,1,610742.1593,267,New Jersey,592182,40.30918449,-74.10425547,57.51020408,2.8,70435.09756,1,34,8414350,40.438458,-74.428055,31,195
LA,Monroe,3,1,329775.1069,268,Louisiana,331346,32.55120287,-91.99939143,126.1746032,2.865714286,26829.65909,1,22,4468976,30.69927,-91.457133,19,196
AL,Montgomery,3,1,914260.9415,269,Alabama,929317,32.23695003,-86.25312062,331.2348343,2.770294289,28681.34455,5,1,4447100,33.001471,-86.766233,1,197
MD,Montgomery Co,3,1,934007.2782,270,Maryland,880160,39.07647367,-77.11252999,377.1285311,2.68,72858.8125,2,24,5296486,39.145653,-76.797396,21,198
IN,Muncie,3,1,322929.0302,271,Indiana,330418,40.05344594,-85.20963948,1005.428571,2.613333333,37993.01923,1,18,6080485,40.163935,-86.261515,15,199
OK,Muskogee,3,1,216904.7802,272,Oklahoma,210988,35.64059212,-95.43728627,665.9795918,2.670612245,27342.15909,1,40,3450654,35.59794,-96.834653,37,200
TN,Nashville,3,1,1737709.73,273,Tennessee,1599425,36.1134107,-86.78838738,629.378055,2.63690742,40758.16938,3,47,5689283,35.795862,-86.397772,43,201
NY,Nassau County,3,1,713836.0161,274,New York,715127,40.70701721,-73.64127649,63.61702128,2.99,76819.47368,1,36,18976457,41.507548,-74.645228,33,202
NJ,New Brunswick,3,1,974216.8327,275,New Jersey,923986,40.53589772,-74.60643878,139.141791,2.798656716,59774.85256,2,34,8414350,40.438458,-74.428055,31,203
PA,New Castle,3,1,498463.6109,276,Pennsylvania,504870,41.05537689,-80.00666153,1199.818663,2.693879509,35703.54681,3,42,12281054,40.463528,-77.075925,39,204
CT,New Haven,3,1,1490969.915,277,Connecticut,1441794,41.38980489,-72.74038976,118.9165312,2.767265224,53048.63661,5,9,3405565,41.494852,-72.874365,7,205
LA,New Orleans,3,1,1004225.831,278,Louisiana,1138999,29.91939664,-90.11668781,3.975198413,2.776202877,32219.20819,2,22,4468976,30.69927,-91.457133,19,206
NY,New York,3,1,1565685.472,279,New York,1529320,40.75510031,-73.97917638,34.56986437,2.08,69611.61539,3,36,18976457,41.507548,-74.645228,33,207
NJ,Newark,3,1,2466991.681,280,New Jersey,2455891,40.74619971,-74.20594633,79.56978755,2.736761364,45933.43398,4,34,8414350,40.438458,-74.428055,31,208
NE,Norfolk,3,1,202255.373,281,Nebraska,210425,42.06165112,-97.64550842,1634.037054,2.636207752,33044.84323,2,31,1711263,41.183753,-97.403875,28,209
VA,Norfolk,3,1,1512362.629,282,Virginia,1485971,37.13529672,-76.17467734,18.0673726,2.736966416,36546.15947,5,51,7078515,37.750345,-77.835857,47,210
PA,Norristown,3,1,1247547.942,283,Pennsylvania,1169189,40.14363581,-75.44702759,358.4503137,2.773165351,64131.65986,3,42,12281054,40.463528,-77.075925,39,211
TX,North Texas,3,1,1831170.544,285,Texas,1532235,33.03859226,-96.78944123,588.125,2.66875,62788.77193,1,48,20851820,30.943149,-97.388631,44,212
VA,Northern,3,1,1352103.984,286,Virginia,1287380,38.82172482,-77.19247985,210.1737923,2.541900901,73776.70525,4,51,7078515,37.750345,-77.835857,47,213
MA,Northwest Bos,3,1,395678.1593,287,Massachusetts,397043,42.35628525,-71.20311369,128.6111111,2.692222222,84129.61539,1,25,6349097,42.271831,-71.363628,22,214
CA,Oakland,3,1,2916618.784,288,California,2796482,37.9159817,-122.1175406,180.7966769,2.674650538,53083.35357,4,6,33871648,35.458606,-119.355165,5,215
PA,Oil City,3,1,152841.7177,289,Pennsylvania,156366,41.5822202,-79.55392367,1379.632653,2.643061225,33060.73171,1,42,12281054,40.463528,-77.075925,39,216
OK,Oklahoma City,3,1,1214434.567,290,Oklahoma,1156659,35.4003913,-97.62797341,1207.224867,2.601065198,35141.20974,2,40,3450654,35.59794,-96.834653,37,217
WA,Olympia,3,1,435455.8347,291,Washington,404803,46.92855208,-123.2244398,311.7532468,2.573636364,37254.60656,1,53,5894121,47.341728,-121.624501,48,218
NE,Omaha,3,2,894729.002,292,Nebraska,861556,41.30922284,-96.00435469,1132.290493,2.630688702,41634.05309,4,31,1711263,41.183753,-97.403875,28,219
FL,Orlando,3,1,1868513.421,293,Florida,1594188,28.34992721,-81.14896503,65.79931824,2.547336312,42262.56952,3,12,15982378,27.79585,-81.634622,10,220
WI,Oshkosh,3,1,462437.504,294,Wisconsin,447500,44.20410921,-88.82964282,843.3484849,2.678636364,43813.24074,1,55,5363675,43.728544,-89.001006,50,221
KY,Owensboro,3,1,166955.6452,295,Kentucky,164840,37.50077839,-87.0418615,456.2608696,2.676086957,31123.2973,1,21,4041769,37.808159,-85.241819,18,222
KY,Paducah,3,1,220862.4375,296,Kentucky,220020,36.91543766,-88.57157011,430.6792453,2.522264151,31832.64583,1,21,4041769,37.808159,-85.241819,18,223
IL,Palatine,3,1,1706332.383,297,Illinois,1634978,42.21126443,-87.9943227,665.2440476,2.789047619,69142.89683,2,17,12419293,41.278216,-88.380238,14,224
TX,Palestine,3,1,123235.4032,298,Texas,119982,31.5078033,-95.70906173,377.4545455,2.861515152,29923.29167,1,48,20851820,30.943149,-97.388631,44,225
FL,Panama City,3,1,322208.5302,299,Florida,295691,30.48387276,-85.57083777,85.01886793,2.679811321,34890.30233,1,12,15982378,27.79585,-81.634622,10,226
WV,Parkersburg,3,1,131826.2379,300,West Virginia,135568,39.22700371,-81.29442734,750.0263158,2.603157895,29405.45455,1,54,1808344,38.767195,-80.820221,49,227
CA,Pasadena,3,1,672103.4536,301,California,641904,34.16615549,-118.1672033,882.5232407,2.96,55132.60799,3,6,33871648,35.458606,-119.355165,5,228
TX,Pasadena,3,1,1041181.153,302,Texas,948757,29.58667076,-95.05020121,30.32394366,2.801267606,43978.38889,1,48,20851820,30.943149,-97.388631,44,229
WA,Pasco,3,1,308216.756,303,Washington,239880,46.35917756,-118.9916145,940.7777778,2.772222222,37884.63636,1,53,5894121,47.341728,-121.624501,48,230
OR,Pendleton,3,1,142673.8246,304,Oregon,139775,45.21251376,-118.6240113,2735.685185,2.569259259,33039.50943,1,41,3421399,44.732273,-122.579524,38,231
FL,Pensacola,3,1,631674.5544,305,Florida,588369,30.53922278,-86.99459787,86.28333333,2.673333333,37792.94118,1,12,15982378,27.79585,-81.634622,10,232
IL,Peoria,3,1,323360.0464,306,Illinois,369355,40.69516991,-89.6519815,597.4649621,2.596524621,40380.69546,2,17,12419293,41.278216,-88.380238,14,233
PA,Philadelphia,3,1,2588627.107,308,Pennsylvania,2634696,39.9960457,-75.18254724,104.5572501,2.666917453,47665.13486,3,42,12281054,40.463528,-77.075925,39,234
AZ,Phoenix,3,1,4658179.018,309,Arizona,4049991,33.64195304,-112.0989282,3173.23071,2.84373046,35385.31515,9,4,5130632,33.373506,-111.828711,3,235
PA,Pittsburgh,3,1,1863622.581,312,Pennsylvania,1914020,40.36904962,-79.99257558,1042.586911,2.543912161,35530.36059,5,42,12281054,40.463528,-77.075925,39,236
MA,Pittsfield,3,1,131510.5242,313,Massachusetts,133932,42.34361757,-73.24116759,1112.081081,2.57027027,47446.34615,1,25,6349097,42.271831,-71.363628,22,237
NY,Plattsburgh,3,1,162061.5706,314,New York,161287,44.56594901,-73.92394964,947.5810811,2.850810811,36236.25,1,36,18976457,41.507548,-74.645228,33,238
OK,Ponca City,3,1,57070.52621,316,Oklahoma,58920,36.69874163,-97.14304079,1041.105263,2.551052632,30447.11111,1,40,3450654,35.59794,-96.834653,37,239
MI,Pontiac,3,1,2095638.847,317,Michigan,2040164,42.65144502,-83.10372185,776.7353872,2.679725428,62812.123,2,26,9938444,42.866412,-84.170753,23,240
ME,Portland,3,1,807691.3004,319,Maine,912695,44.08223227,-70.1404522,265.0713522,2.607033107,40696.84513,7,23,1274923,44.313614,-69.719931,20,241
OR,Portland,3,2,2361607.3991,320,Oregon,2186087,45.5846875,-122.6074317,457.5949632,2.57320678,43075.20089,4,41,3421399,44.732273,-122.579524,38,242
NH,Portsmouth,3,2,362499.39721,321,New Hampshire,341191,43.34913776,-70.99361471,232.5332168,2.656410256,50393.16576,2,33,1235786,43.153046,-71.463342,30,243
RI,Providence,3,2,1575366.0365,323,Rhode Island,1561809,41.73657376,-71.3543895,126.4242424,2.682084416,46894.41435,3,44,1048319,41.753318,-71.448902,40,244
NY,Queens,3,1,2346019.171,325,New York,2354462,40.73574487,-73.81721277,57.51125453,2.781630435,52811.84556,4,36,18976457,41.507548,-74.645228,33,245
NC,Raleigh,3,1,1571945.921,327,North Carolina,1382612,35.87906486,-78.64495755,354.3163346,2.573333333,49298.64553,3,37,8049313,35.553334,-79.667654,34,246
PA,Reading,3,1,480073.0403,330,Pennsylvania,515391,40.45767157,-76.00176071,558.2490741,2.59324537,41131.43704,3,42,12281054,40.463528,-77.075925,39,247
CA,Redding,3,1,295593.3407,331,California,277570,40.86475588,-122.2709071,2343.2625,2.61625,30540.91781,1,6,33871648,35.458606,-119.355165,5,248
NV,Reno,3,2,666116.5423,332,Nevada,636661,39.61556872,-119.6216676,4987.361938,2.591795341,43743.51304,5,32,1998257,37.165965,-116.304648,29,249
VA,Richmond,3,1,1719494.123,334,Virginia,1582513,37.5427688,-77.26151568,158.5738519,2.682262765,43074.81422,6,51,7078515,37.750345,-77.835857,47,250
VA,Roanoke,3,1,717082.1613,336,Virginia,710240,37.08191235,-80.31376408,1733.904825,2.580692983,34437.61795,3,51,7078515,37.750345,-77.835857,47,251
IA,Rock Isand,3,2,453206.1714,339,Iowa,482175,41.5623491,-90.54081122,670.7281324,2.610921986,40286.00213,3,19,2926324,41.960392,-93.049161,16,252
IL,Rockford,3,1,490090.2944,342,Illinois,520843,42.2387776,-89.31209686,807.8293461,2.621590909,43557.26191,2,17,12419293,41.278216,-88.380238,14,253
NC,Rocky Mount,3,1,706064.9879,343,North Carolina,682376,35.95898461,-77.11948164,53.58663846,2.672920853,32443.21131,2,37,8049313,35.553334,-79.667654,34,254
MI,Saginaw,3,1,633834.3669,347,Michigan,635985,43.84193915,-84.02985702,732.9744048,2.643470238,35776.49735,2,26,9938444,42.866412,-84.170753,23,255
OR,Salem,3,1,567009.9375,348,Oregon,536540,44.75651821,-123.1861088,462.0972222,2.634583333,38665.83929,1,41,3421399,44.732273,-122.579524,38,256
CA,Salinas,3,1,387401.9758,351,California,373578,36.504861,-121.6209291,438.9333333,3.14,50957.08696,1,6,33871648,35.458606,-119.355165,5,257
UT,Salt Lake Cit,3,1,1832737.351,352,Utah,1785764,40.80270536,-111.675346,4775.19958,3.1444375,44874.04847,4,49,2233169,40.438987,-111.90016,45,258
TX,San Antonio,3,1,2381666.667,353,Texas,2185535,29.31450231,-98.6292489,796.2682157,2.968489341,35974.12729,4,48,20851820,30.943149,-97.388631,44,259
CA,San Bernardin,3,1,3105105.153,354,California,2657180,34.00353421,-116.8609477,1718.590315,3.004175,36600.42097,4,6,33871648,35.458606,-119.355165,5,260
CA,San Diego,3,1,2981531.339,355,California,2813659,32.89296198,-117.084905,786.9953831,2.81,50878.63618,3,6,33871648,35.458606,-119.355165,5,261
CA,San Francisco,3,1,1809340.893,356,California,1799852,37.60540205,-122.3266308,128.0586481,2.666113985,72381.30829,4,6,33871648,35.458606,-119.355165,5,262
CA,San Jose,3,1,1761555.26,357,California,1701555,37.21752161,-121.8750608,301.35827,2.864745763,68572.49904,2,6,33871648,35.458606,-119.355165,5,263
CA,San Rafael,3,1,374341.4758,358,California,370498,38.08043487,-122.6413979,198.8909091,2.465818182,64077.4,1,6,33871648,35.458606,-119.355165,5,264
CA,Santa Ana,3,1,2940521.506,359,California,2747372,33.73401882,-117.8244086,237.5169793,2.91,62637.37099,3,6,33871648,35.458606,-119.355165,5,265
CA,Santa Barbara,3,1,1318888.69,360,California,1257931,34.62174073,-119.7255544,314.8590896,2.881769991,52075.54363,3,6,33871648,35.458606,-119.355165,5,266
CA,Santa Rosa,3,1,499515.502,361,California,478713,38.84255683,-123.0421286,714.3636364,2.582337662,40685.62121,1,6,33871648,35.458606,-119.355165,5,267
GA,Savannah,3,2,583022.5948,362,Georgia,543043,32.15890881,-81.14629691,35.8648473,2.856020893,37475.53056,3,13,8186453,33.332208,-83.868887,11,268
PA,Scranton,3,1,291143.875,363,Pennsylvania,381823,41.56529483,-75.62569113,1154.639353,2.66245614,34057.29363,3,42,12281054,40.463528,-77.075925,39,269
WA,Seattle,3,1,2062531.534,364,Washington,1969419,47.26890251,-121.4455438,293.2612847,2.444592014,53956.45089,2,53,5894121,47.341728,-121.624501,48,270
OK,Shawnee,3,1,191091.0726,365,Oklahoma,187775,35.16965178,-96.68959062,951.78,2.6412,27884.57447,1,40,3450654,35.59794,-96.834653,37,271
IA,Sheldon,3,1,43216.77823,366,Iowa,43352,43.26230675,-96.03957995,1427.65,2.773,38893.25,1,19,2926324,41.960392,-93.049161,16,272
LA,Shreveport,3,1,467292.5847,368,Louisiana,462273,32.48829031,-93.65129175,223.8599739,2.711637631,30686.58616,2,22,4468976,30.69927,-91.457133,19,273
IA,Sioux City,3,1,174128.2702,369,Iowa,177121,42.54659229,-96.14855058,1222.470707,2.661,36587.45047,2,19,2926324,41.960392,-93.049161,16,274
SD,Sioux Falls,3,1,287930.0847,370,South Dakota,286809,43.52046942,-96.87368734,1454.457971,2.639318841,43129.43277,2,46,754844,44.047502,-99.043799,42,275
KY,Somerset,3,1,131615.2944,372,Kentucky,132977,36.96652822,-84.71807737,1061.321078,2.681642157,22455.20833,2,21,4041769,37.808159,-85.241819,18,276
IN,South Bend,3,1,586452.6452,373,Indiana,598019,41.51711141,-86.10551901,774.4182692,2.729903846,40166.24575,2,18,6080485,40.163935,-86.261515,15,277
NJ,South Jersey,3,1,1792544.268,374,New Jersey,1770623,39.69254592,-74.94248564,37.0719589,2.734157879,45375.41209,5,34,8414350,40.438458,-74.428055,31,278
IL,South Suburba,3,1,1400801.254,375,Illinois,1300118,41.52754262,-87.91181517,641.5365854,2.824512195,54660.76389,1,17,12419293,41.278216,-88.380238,14,279
MD,Southern Mary,3,1,1248365.911,376,Maryland,1170702,38.8035134,-76.80425371,119.6924795,2.920962398,59811.25284,2,24,5296486,39.145653,-76.797396,21,280
IA,Spencer,3,1,47883.09677,377,Iowa,48433,43.25898935,-95.15027039,1416.173913,2.499130435,35075.36364,1,19,2926324,41.960392,-93.049161,16,281
WA,Spokane,3,2,790521.1512,378,Washington,749021,47.68987156,-117.247268,2264.516674,2.616449394,35779.85082,4,53,5894121,47.341728,-121.624501,48,282
WI,Spooner,3,1,182682.1512,379,Wisconsin,178548,46.02674953,-91.64456644,1103.69697,2.569090909,34890.59677,1,55,5363675,43.728544,-89.001006,50,283
IL,Springfield,3,1,459203.9758,380,Illinois,489620,39.77025979,-89.59509678,607.2158132,2.552080544,40692.9158,3,17,12419293,41.278216,-88.380238,14,284
MA,Springfield,3,1,710266.9113,381,Massachusetts,706366,42.26605573,-72.56675061,502.2891077,2.675393241,42356.36385,3,25,6349097,42.271831,-71.363628,22,285
MO,Springfield,3,1,737379.4315,382,Missouri,988367,37.17928667,-93.10648757,1118.519786,2.594922867,30626.89488,6,29,5595211,38.437715,-92.15377,26,286
MN,St. Cloud,3,1,294071.502,383,Minnesota,278840,45.74752917,-94.60061266,1199.457831,2.809879518,37415.77612,1,27,4919479,45.210782,-93.583003,24,287
MO,St. Louis,3,2,2601870.2738,385,Missouri,2790083,38.64695517,-90.3696405,562.5008178,2.692443085,42052.47356,5,29,5595211,38.437715,-92.15377,26,288
MN,St. Paul,3,2,1500713.3815,386,Minnesota,1413534,44.9971616,-93.00443792,946.309262,2.770625494,52365.56544,3,27,4919479,45.210782,-93.583003,24,289
FL,St. Petersbur,3,1,742312.1694,387,Florida,740459,27.84877836,-82.73142011,25.09836066,2.23,38832.76316,1,12,15982378,27.79585,-81.634622,10,290
CT,Stamford,3,1,567154.4617,388,Connecticut,508057,41.1671536,-73.4587184,155.254386,2.71,82871.10606,2,9,3405565,41.494852,-72.874365,7,291
NY,Staten Island,3,1,469202.7298,389,New York,443728,40.5894775,-74.14565171,81.85714286,2.91,53403.58333,1,36,18976457,41.507548,-74.645228,33,292
CA,Stockton,3,1,1454216.446,390,California,1292597,37.80048792,-120.7838697,931.7668269,2.882995192,37889.97314,2,6,33871648,35.458606,-119.355165,5,293
GA,Swainsboro,3,1,212817.2681,391,Georgia,203372,32.41898159,-82.12534953,226.4693878,2.83244898,27538.90476,1,13,8186453,33.332208,-83.868887,11,294
NY,Syracuse,3,1,787266.0464,392,New York,788223,43.02342579,-76.20047789,644.457231,2.73388448,40115.84444,3,36,18976457,41.507548,-74.645228,33,295
WA,Tacoma,3,1,1067830.835,393,Washington,1001616,47.34932781,-122.5902566,397.4197531,2.692407407,42055.49242,2,53,5894121,47.341728,-121.624501,48,296
FL,Tallahassee,3,1,403366.3871,394,Florida,374489,30.33337193,-84.26525105,107.5614035,2.756842105,32557.47222,1,12,15982378,27.79585,-81.634622,10,297
FL,Tampa,3,1,1900669.94,395,Florida,1679972,28.11821447,-82.45764472,44.18744507,2.455427495,39677.17522,3,12,15982378,27.79585,-81.634622,10,298
TX,Temple,3,1,418960.6976,396,Texas,394351,31.09530243,-97.52969064,749.4642857,3.008392857,36819.64286,1,48,20851820,30.943149,-97.388631,44,299
IN,Terre Haute,3,1,183345.2359,397,Indiana,185078,39.46397339,-87.31804023,572.5714286,2.62625,34892.51351,1,18,6080485,40.163935,-86.261515,15,300
TX,Texarkana,3,2,254129.5988,398,Texas,250736,33.46670983,-94.08829358,344.2575188,2.660300752,27812.30492,2,48,20851820,30.943149,-97.388631,44,301
LA,Thibodaux,3,1,267585.1935,399,Louisiana,262543,29.67502637,-90.78345568,6.210526316,2.995526316,33460.3871,1,22,4468976,30.69927,-91.457133,19,302
OH,Toledo,3,1,809999.8387,401,Ohio,809765,41.55000571,-83.70707096,654.6139037,2.709630125,42418.57526,3,39,11353140,40.480854,-82.749366,36,303
KS,Topeka,3,1,294169.0423,402,Kansas,416178,39.07824808,-95.98669145,1128.692204,2.599846949,37500.76155,4,20,2688418,38.454303,-96.536052,17,304
MI,Traverse City,3,1,264287.4496,403,Michigan,251214,44.5426968,-85.63285979,867.1714286,2.610142857,37687.03077,1,26,9938444,42.866412,-84.170753,23,305
NJ,Trenton,3,1,989143.2399,404,New Jersey,952909,40.13280469,-74.45319572,79.40407403,2.730778414,59808.05556,3,34,8414350,40.438458,-74.428055,31,306
AZ,Tucson,3,1,1121758.042,406,Arizona,1012093,32.13260748,-110.8482748,3272.445969,2.688773585,37170.85671,2,4,5130632,33.373506,-111.828711,3,307
OK,Tulsa,3,1,1077622.349,408,Oklahoma,1044295,36.24545095,-95.94414084,760.0248919,2.559703167,32764.70865,3,40,3450654,35.59794,-96.834653,37,308
MS,Tupelo,3,1,254436.1754,409,Mississippi,239279,34.3104962,-88.65683632,385,2.6598,30768.47619,1,28,2844658,32.56642,-89.593164,25,309
AL,Tuscaloosa,3,1,204636.9556,410,Alabama,200141,33.1417327,-87.72859876,274.3043478,2.772826087,31054.87879,1,1,4447100,33.001471,-86.766233,1,310
TX,Tyler,3,1,320938.7823,412,Texas,298868,32.24883011,-95.33235779,457.1489362,2.684042553,33982.41667,1,48,20851820,30.943149,-97.388631,44,311
NY,Utica,3,1,306210.8468,414,New York,400555,43.12933534,-75.25046425,896.6287285,2.738342246,33777.20476,3,36,18976457,41.507548,-74.645228,33,312
GA,Valdosta,3,1,174715.7339,415,Georgia,166502,30.99646297,-83.20118248,200.6969697,2.832424242,29839.75862,1,13,8186453,33.332208,-83.868887,11,313
CA,Van Nuys,3,1,1956125.823,417,California,1838766,34.23549809,-118.5170163,781.157779,2.963142857,49463.36593,4,6,33871648,35.458606,-119.355165,5,314
TX,Victoria,3,1,164843.6532,418,Texas,160843,28.8888829,-96.93440587,125.9473684,2.703421053,34115.76667,1,48,20851820,30.943149,-97.388631,44,315
TX,Waco,3,1,321231.3589,419,Texas,308495,31.6408389,-97.09573861,544.8301217,2.683189655,31409.17505,2,48,20851820,30.943149,-97.388631,44,316
IN,Washington,3,1,159555.8589,421,Indiana,159208,38.42473497,-86.99350491,521.9824561,2.729473684,37825.81132,1,18,6080485,40.163935,-86.261515,15,317
CT,Waterbury,3,1,328571.4395,422,Connecticut,320160,41.62952634,-73.16030532,629.04,2.6298,56925.52778,1,9,3405565,41.494852,-72.874365,7,318
IA,Waterloo,3,1,203092.7702,423,Iowa,247034,42.58643009,-92.41101555,953.45,2.617857143,35925.82813,2,19,2926324,41.960392,-93.049161,16,319
SD,Watertown,3,1,70867.93145,425,South Dakota,71693,45.03067674,-97.11455363,1659.157895,2.605614035,32271.80357,1,46,754844,44.047502,-99.043799,42,320
WI,Wausau,3,1,386036.3145,426,Wisconsin,379688,44.87314934,-89.79051949,1271.930233,2.74127907,39787.23288,1,55,5363675,43.728544,-89.001006,50,321
GA,Waycross,3,1,306829.2944,427,Georgia,291176,31.32699802,-82.12453177,113.9038462,2.8125,33167.675,1,13,8186453,33.332208,-83.868887,11,322
WA,Wenatchee,3,1,204846.3185,428,Washington,195475,47.86299083,-119.8765555,1815.826087,2.628695652,34407.65909,1,53,5894121,47.341728,-121.624501,48,323
NJ,West Jersey,3,1,615417.0968,429,New Jersey,591536,40.85700752,-74.65524428,528.2607143,2.809464286,82437.10897,2,34,8414350,40.438458,-74.428055,31,324
FL,West Palm Bea,3,1,1744084.712,430,Florida,1568643,26.76096775,-80.22293532,15.17797256,2.455282012,41943.24242,2,12,15982378,27.79585,-81.634622,10,325
NY,Westchester,3,1,1538558.772,431,New York,1501136,41.15773051,-73.91805955,275.0454662,2.811441492,71451.08364,5,36,18976457,41.507548,-74.645228,33,326
VT,White River J,3,2,357019.1714,434,Vermont,436602,43.76147592,-72.4446557,1020.303831,2.637446587,39106.92725,10,50,608827,44.081127,-72.814309,46,327
KS,Wichita,3,1,577230.9556,435,Kansas,657000,37.62760643,-97.45794558,1404.888765,2.576937603,41803.44274,3,20,2688418,38.454303,-96.536052,17,328
TX,Wichita Falls,3,1,174286.3185,436,Texas,176949,33.79123891,-98.74428078,1095.9375,2.643125,31833.71429,1,48,20851820,30.943149,-97.388631,44,329
PA,Wilkes Barre,3,1,386929.9778,437,Pennsylvania,440830,41.17649214,-75.9710254,1073.854039,2.580934959,34412.00258,3,42,12281054,40.463528,-77.075925,39,330
DE,Wilmington,3,1,838600.2944,441,Delaware,783525,39.39587474,-75.55366168,99.14209877,2.691818182,59024.89505,3,10,783600,39.397164,-75.561908,8,331
VA,Winchester,3,1,164874.7319,442,Virginia,148633,39.026046,-78.21670636,800.030303,2.691212121,43129.37931,1,51,7078515,37.750345,-77.835857,47,332
MN,Windom,3,1,91896.54637,443,Minnesota,93558,43.89431613,-95.66794706,1500,2.579701493,34366.43077,1,27,4919479,45.210782,-93.583003,24,333
MA,Worcester,3,1,1124145.298,446,Massachusetts,1093513,42.33660342,-71.68660334,489.5706392,2.717305854,59940.38536,4,25,6349097,42.271831,-71.363628,22,334
OH,Youngstown,3,1,698685.4577,449,Ohio,730182,40.87049004,-80.75581258,1011.989794,2.617602112,32376.55864,3,39,11353140,40.480854,-82.749366,36,335
OH,Zanesville,3,1,249729.3004,450,Ohio,257517,39.96001417,-81.73174026,932.749331,2.667305977,35365.97415,2,39,11353140,40.480854,-82.749366,36,336
